{"cameraMode":{"drawMode":0,"name":"Shaded","section":"Shading Mode"},"sceneLighting":false,"audioPlay":false,"sceneViewState":{"m_AlwaysRefresh":false,"showFog":true,"showSkybox":false,"showFlares":true,"showImageEffects":true,"showParticleSystems":true,"showVisualEffectGraphs":true,"m_FxEnabled":true},"in2DMode":false,"pivot":{"x":0.001468360424041748,"y":0.9442757964134216,"z":0.03331635892391205},"rotation":{"x":-0.02508196420967579,"y":0.974250316619873,"z":-0.17577844858169557,"w":-0.13917386531829835},"size":1.1268757581710816,"orthographic":false}