{"cameraMode":{"drawMode":0,"name":"Shaded","section":"Shading Mode"},"sceneLighting":false,"audioPlay":false,"sceneViewState":{"m_AlwaysRefresh":false,"showFog":false,"showSkybox":false,"showFlares":false,"showImageEffects":false,"showParticleSystems":false,"showVisualEffectGraphs":true,"m_FxEnabled":true},"in2DMode":false,"pivot":{"x":-0.0022331029176712038,"y":0.859370231628418,"z":0.04858548939228058},"rotation":{"x":-0.0335317961871624,"y":-0.9574127197265625,"z":0.12419601529836655,"w":-0.2584930658340454},"size":1.8283315896987916,"orthographic":false}