{"cameraMode":{"drawMode":0,"name":"Shaded","section":"Shading Mode"},"sceneLighting":false,"audioPlay":false,"sceneViewState":{"m_AlwaysRefresh":false,"showFog":true,"showSkybox":false,"showFlares":true,"showImageEffects":true,"showParticleSystems":true,"showVisualEffectGraphs":true,"m_FxEnabled":true},"in2DMode":false,"pivot":{"x":0.001468360424041748,"y":0.9442757964134216,"z":0.03331635892391205},"rotation":{"x":-0.029277769848704339,"y":0.9527525901794434,"z":-0.09752637892961502,"w":-0.28627538681030276},"size":0.8571662902832031,"orthographic":false}