{"cameraMode":{"drawMode":0,"name":"Shaded","section":"Shading Mode"},"sceneLighting":false,"audioPlay":false,"sceneViewState":{"m_AlwaysRefresh":false,"showFog":false,"showSkybox":false,"showFlares":false,"showImageEffects":false,"showParticleSystems":false,"showVisualEffectGraphs":true,"m_FxEnabled":true},"in2DMode":false,"pivot":{"x":-0.02501446008682251,"y":0.8662025332450867,"z":0.14887459576129914},"rotation":{"x":-0.0007166201830841601,"y":-0.9920620918273926,"z":0.1256656050682068,"w":-0.005658236797899008},"size":1.155315637588501,"orthographic":false}