{"cameraMode":{"drawMode":0,"name":"Shaded","section":"Shading Mode"},"sceneLighting":false,"audioPlay":false,"sceneViewState":{"m_AlwaysRefresh":false,"showFog":false,"showSkybox":false,"showFlares":false,"showImageEffects":false,"showParticleSystems":false,"showVisualEffectGraphs":true,"m_FxEnabled":true},"in2DMode":false,"pivot":{"x":0.0017620325088500977,"y":1.1331310272216797,"z":0.039979636669158939},"rotation":{"x":-0.0015412962529808283,"y":-0.9930764436721802,"z":0.11672310531139374,"w":-0.013113342225551606},"size":1.3522511720657349,"orthographic":false}