{"cameraMode":{"drawMode":0,"name":"Shaded","section":"Shading Mode"},"sceneLighting":false,"audioPlay":false,"sceneViewState":{"m_AlwaysRefresh":false,"showFog":false,"showSkybox":false,"showFlares":false,"showImageEffects":false,"showParticleSystems":false,"showVisualEffectGraphs":true,"m_FxEnabled":true},"in2DMode":false,"pivot":{"x":-0.005677670240402222,"y":0.9086607098579407,"z":0.053071632981300357},"rotation":{"x":0.0012692388845607639,"y":-0.9866359233856201,"z":0.16276805102825166,"w":0.007691997569054365},"size":1.0479185581207276,"orthographic":false}