{"cameraMode":{"drawMode":0,"name":"Shaded","section":"Shading Mode"},"sceneLighting":false,"audioPlay":false,"sceneViewState":{"m_AlwaysRefresh":false,"showFog":true,"showSkybox":false,"showFlares":true,"showImageEffects":true,"showParticleSystems":true,"showVisualEffectGraphs":true,"m_FxEnabled":true},"in2DMode":false,"pivot":{"x":-2.0533432960510256,"y":1.6078237295150757,"z":-0.38525691628456118},"rotation":{"x":-0.0017986791208386422,"y":-0.9880262613296509,"z":0.15387684106826783,"w":-0.011564590036869049},"size":0.6148780584335327,"orthographic":false}