{"cameraMode":{"drawMode":0,"name":"Shaded","section":"Shading Mode"},"sceneLighting":false,"audioPlay":false,"sceneViewState":{"m_AlwaysRefresh":false,"showFog":true,"showSkybox":false,"showFlares":true,"showImageEffects":true,"showParticleSystems":true,"showVisualEffectGraphs":true,"m_FxEnabled":true},"in2DMode":false,"pivot":{"x":-0.13597193360328675,"y":1.5446016788482667,"z":-0.23094207048416139},"rotation":{"x":0.008149183355271817,"y":-0.9911038875579834,"z":0.0793202593922615,"w":0.10779329389333725},"size":4.089013576507568,"orthographic":false}