{"cameraMode":{"drawMode":0,"name":"Shaded","section":"Shading Mode"},"sceneLighting":false,"audioPlay":false,"sceneViewState":{"m_AlwaysRefresh":false,"showFog":false,"showSkybox":false,"showFlares":false,"showImageEffects":false,"showParticleSystems":false,"showVisualEffectGraphs":true,"m_FxEnabled":true},"in2DMode":false,"pivot":{"x":-0.01227426528930664,"y":0.821757435798645,"z":0.05604386329650879},"rotation":{"x":-0.013003374449908734,"y":-0.9868624210357666,"z":0.12200013548135758,"w":-0.1052037850022316},"size":1.1914708614349366,"orthographic":false}