{"cameraMode":{"drawMode":0,"name":"Shaded","section":"Shading Mode"},"sceneLighting":false,"audioPlay":false,"sceneViewState":{"m_AlwaysRefresh":false,"showFog":false,"showSkybox":false,"showFlares":false,"showImageEffects":false,"showParticleSystems":false,"showVisualEffectGraphs":true,"m_FxEnabled":true},"in2DMode":false,"pivot":{"x":-0.06365513801574707,"y":0.9215192794799805,"z":0.03651466965675354},"rotation":{"x":-0.0011456925421953202,"y":-0.9912628531455994,"z":0.13161203265190125,"w":-0.008628281764686108},"size":1.0594003200531006,"orthographic":false}