{"cameraMode":{"drawMode":0,"name":"Shaded","section":"Shading Mode"},"sceneLighting":true,"audioPlay":false,"sceneViewState":{"m_AlwaysRefresh":false,"showFog":true,"showSkybox":true,"showFlares":true,"showImageEffects":true,"showParticleSystems":true,"showVisualEffectGraphs":true,"m_FxEnabled":true},"in2DMode":false,"pivot":{"x":0.18758440017700196,"y":0.9995946884155273,"z":-0.32796382904052737},"rotation":{"x":-0.10576564818620682,"y":-0.5837649703025818,"z":0.07636813819408417,"w":-0.8015278577804565},"size":11.723761558532715,"orthographic":false}