{"cameraMode":{"drawMode":0,"name":"Shaded","section":"Shading Mode"},"sceneLighting":true,"audioPlay":false,"sceneViewState":{"m_AlwaysRefresh":false,"showFog":true,"showSkybox":true,"showFlares":true,"showImageEffects":true,"showParticleSystems":true,"showVisualEffectGraphs":true,"m_FxEnabled":true},"in2DMode":false,"pivot":{"x":-3.641155242919922,"y":0.18069402873516084,"z":0.021310806274414064},"rotation":{"x":0.19937258958816529,"y":-0.13908033072948457,"z":0.028670260682702066,"w":0.9695872664451599},"size":0.2865796983242035,"orthographic":false}