{"cameraMode":{"drawMode":0,"name":"Shaded","section":"Shading Mode"},"sceneLighting":true,"audioPlay":false,"sceneViewState":{"m_AlwaysRefresh":false,"showFog":true,"showSkybox":true,"showFlares":true,"showImageEffects":true,"showParticleSystems":true,"showVisualEffectGraphs":true,"m_FxEnabled":true},"in2DMode":false,"pivot":{"x":0.1783924698829651,"y":1.1535522937774659,"z":1.0321598052978516},"rotation":{"x":-0.08632997423410416,"y":0.8642305135726929,"z":-0.15887804329395295,"w":-0.46957144141197207},"size":1.5650041103363038,"orthographic":false}