{"cameraMode":{"drawMode":0,"name":"Shaded","section":"Shading Mode"},"sceneLighting":true,"audioPlay":false,"sceneViewState":{"m_AlwaysRefresh":false,"showFog":true,"showSkybox":true,"showFlares":true,"showImageEffects":true,"showParticleSystems":true,"showVisualEffectGraphs":true,"m_FxEnabled":true},"in2DMode":false,"pivot":{"x":-0.004197597503662109,"y":0.9419898390769959,"z":0.0018965452909469605},"rotation":{"x":0.13486814498901368,"y":0.449992835521698,"z":-0.06845752149820328,"w":0.8802741169929504},"size":4.352236747741699,"orthographic":false}