{"cameraMode":{"drawMode":0,"name":"Shaded","section":"Shading Mode"},"sceneLighting":true,"audioPlay":false,"sceneViewState":{"m_AlwaysRefresh":false,"showFog":true,"showSkybox":true,"showFlares":true,"showImageEffects":true,"showParticleSystems":true,"showVisualEffectGraphs":true,"m_FxEnabled":true},"in2DMode":false,"pivot":{"x":0.14887365698814393,"y":0.2807576060295105,"z":0.4593515396118164},"rotation":{"x":-0.055029820650815967,"y":-0.8954511284828186,"z":0.11499335616827011,"w":-0.42688557505607607},"size":2.157623767852783,"orthographic":false}