{"cameraMode":{"drawMode":0,"name":"Shaded","section":"Shading Mode"},"sceneLighting":true,"audioPlay":false,"sceneViewState":{"m_AlwaysRefresh":false,"showFog":true,"showSkybox":true,"showFlares":true,"showImageEffects":true,"showParticleSystems":true,"showVisualEffectGraphs":true,"m_FxEnabled":true},"in2DMode":false,"pivot":{"x":0.1330181360244751,"y":1.0227758884429932,"z":0.05753046274185181},"rotation":{"x":0.19626107811927796,"y":-0.17976194620132447,"z":0.036626771092414859,"w":0.963238537311554},"size":4.275364875793457,"orthographic":false}