{"cameraMode":{"drawMode":0,"name":"Shaded","section":"Shading Mode"},"sceneLighting":true,"audioPlay":false,"sceneViewState":{"m_AlwaysRefresh":false,"showFog":true,"showSkybox":true,"showFlares":true,"showImageEffects":true,"showParticleSystems":true,"showVisualEffectGraphs":true,"m_FxEnabled":true},"in2DMode":false,"pivot":{"x":-0.004197597503662109,"y":0.9419898390769959,"z":0.0018965452909469605},"rotation":{"x":0.26632460951805117,"y":0.2105591595172882,"z":-0.05928348749876022,"w":0.9388704895973206},"size":2.878988742828369,"orthographic":false}