{"cameraMode":{"drawMode":0,"name":"Shaded","section":"Shading Mode"},"sceneLighting":true,"audioPlay":false,"sceneViewState":{"m_AlwaysRefresh":false,"showFog":true,"showSkybox":true,"showFlares":true,"showImageEffects":true,"showParticleSystems":true,"showVisualEffectGraphs":true,"m_FxEnabled":true},"in2DMode":false,"pivot":{"x":16.934614181518556,"y":1.1795439720153809,"z":17.670475006103517},"rotation":{"x":-0.34000223875045779,"y":0.23130953311920167,"z":-0.08666718006134033,"w":-0.907416582107544},"size":6.6795148849487309,"orthographic":false}